Country or Area,Year,Value,Unit
Ireland,2008,98949.70313,million cubic metres
Algeria,The year of 2007,100000,million cubic metres
Algeria,2001,80000,million cubic metres
Georgia,2015,72390.42188,million cubic metres
Israel,1990,6200,million cubic metres
Saint kitts and nevis,2007,138.8000031,million cubic metres
Georgia,2013,82259.9375,million cubic metres
Bosnia and herzegovina,2014,75610.38281,million cubic metres
Gambia,2002,6353,million cubic metres
Panama,2005,228325.4219,million cubic metres
Indonesia,2002(year),3524604.75,million cubic metres
Netherlands,1997,26520,million cubic metres
Ecuador,2004(year),311529.3438,million cubic metres
Portugal,1991,50400,million cubic metres
Gambia,1990,7016,million cubic metres
Bosnia and herzegovina,2001,62147.48438,million cubic metres
Spain,1992,297073,million cubic metres
Azerbaijan,2003,50728.60156,million cubic metres
China,The year of 2003,6041600,million cubic metres
Belarus,1997(year),138054,million cubic metres
Guinea,2008,1755.300049,million cubic metres
Poland,2010,248797.4063,million cubic metres
Jamaica,2000,16903,million cubic metres
Sudan,2007(year),11622,million cubic metres
Serbia,1998,52002,million cubic metres
Serbia and montenegro,The year of 2001,60980,million cubic metres
Latvia,2003,41723,million cubic metres
Maldives,1990(year),485.5499878,million cubic metres
Czechia,1995,61514,million cubic metres
Cuba,1995(year),164789,million cubic metres
Costa rica,2012(year),170035.6406,million cubic metres
Kuwait,2008,50.90000153,million cubic metres
Azerbaijan,2010,43282,million cubic metres
Armenia,The year of 1995,15407,million cubic metres
The former yugoslav republic of macedonia,2001(year),13486,million cubic metres
Slovakia,2003,28080,million cubic metres
Brazil,2003,14996266,million cubic metres
Andorra,2008,466.674469,million cubic metres
Hungary,1992,45570,million cubic metres
Saint kitts and nevis,1997,156.9100037,million cubic metres
Poland,1991(year),188991.7969,million cubic metres
Maldives,2003,600.75,million cubic metres
Lithuania,1997,44206,million cubic metres
Andorra,2005,360.815033,million cubic metres
China,2011,5513300,million cubic metres
Iceland,2014,194159,million cubic metres
British virgin islands,2002,116.3199997,million cubic metres
Armenia,The year of 2005,18714,million cubic metres
Lithuania,The year of 2006,39642,million cubic metres
Switzerland,1997,61847.60156,million cubic metres
Jamaica,2008,21563,million cubic metres
Malta,2001,107.9000015,million cubic metres
Tunisia,2001(year),18960,million cubic metres
Togo,The year of 1998,69943,million cubic metres
Tunisia,2002(year),18960,million cubic metres
Netherlands,1991,15061.15554,million cubic metres
France,2007,509243.8125,million cubic metres
Poland,1996,192546.7031,million cubic metres
United arab emirates,2005(year),2605.899902,million cubic metres
Latvia,1993,45664,million cubic metres
Singapore,2004(year),2136.399902,million cubic metres
Georgia,2006,72402,million cubic metres
Central african republic,1996,954153.25,million cubic metres
Estonia,The year of 1992,26950,million cubic metres
Netherlands,2007,143980.8869,million cubic metres
Brazil,The year of 2012,14059531,million cubic metres
Serbia and montenegro,1998,92395.04688,million cubic metres
Paraguay,2014,720080.8125,million cubic metres
United kingdom of great britain and northern ireland,2005,273842.0938,million cubic metres
Romania,2003,131000,million cubic metres
Mauritius,1997,3654,million cubic metres
Serbia and montenegro,The year of 2004,60740,million cubic metres
Iraq,2015,62326,million cubic metres
Mauritius,2008,4179,million cubic metres
Kuwait,The year of 1997,215.3000031,million cubic metres
Syrian arab republic,2006,41991,million cubic metres
Israel,1996,5500,million cubic metres
Algeria,1999,50150,million cubic metres
China,The year of 2000,6009200,million cubic metres
Czechia,1994,52287,million cubic metres
Latvia,1998(year),49988,million cubic metres
Jordan,1990,8379,million cubic metres
Portugal,1993(year),82000,million cubic metres
Poland,2007,224877.5938,million cubic metres
Andorra,2013,482.6208496,million cubic metres
Chile,1997,1315783,million cubic metres
Malaysia,2006(year),908918.3125,million cubic metres
Romania,2000,102000,million cubic metres
Belarus,2004,145720,million cubic metres
Paraguay,2005,545852.0625,million cubic metres
Anguilla,2000,68.19000244,million cubic metres
Netherlands,2009,146574.2496,million cubic metres
Turkey,2012(year),695171.125,million cubic metres
Finland,1994,222000,million cubic metres
Czechia,2008(year),49105,million cubic metres
Bermuda,2005,70.44000244,million cubic metres
Poland,2001,232444,million cubic metres
Bosnia and herzegovina,2011,35201.20313,million cubic metres
Poland,1990,203124.9063,million cubic metres
Kuwait,2003,152.3000031,million cubic metres
Dominican republic,2005,84177,million cubic metres
Belarus,1990,151963.2031,million cubic metres
Kuwait,2004(year),217,million cubic metres
Cyprus,2003(year),3213.899902,million cubic metres
Latvia,1996,36565,million cubic metres
Slovenia,The year of 2000,31780.09961,million cubic metres
Slovakia,The year of 2002,41225,million cubic metres
Jordan,1996,6046,million cubic metres
United arab emirates,2007,1836.5,million cubic metres
Togo,1999(year),78547,million cubic metres
China,The year of 2012,6515000,million cubic metres
Sweden,2007,340484,million cubic metres
Sweden,The year of 2001,369682,million cubic metres
Chile,2001,1239664,million cubic metres
Iraq,2005(year),59980,million cubic metres
Brunei darussalam,2002,16023.26953,million cubic metres
Cuba,1998,147860,million cubic metres
Sudan,2006,9295,million cubic metres
Marshall islands,1998,102.0599976,million cubic metres
Tunisia,2009,34080,million cubic metres
Kuwait,2013(year),117.8700027,million cubic metres
Monaco,2014(year),3,million cubic metres
Monaco,1996,1.730000019,million cubic metres
Germany,The year of 2013,276000,million cubic metres
Spain,1999(year),267982,million cubic metres
Jamaica,The year of 2011,20205,million cubic metres
The former yugoslav republic of macedonia,2010,20931.3457,million cubic metres
Spain,2013,263370.5938,million cubic metres
Portugal,The year of 1997,107298,million cubic metres
Germany,1996,239000,million cubic metres
Mauritius,2012,15060.47825,million cubic metres
Bosnia and herzegovina,2003(year),43584.14844,million cubic metres
Monaco,2009,1.769999981,million cubic metres
Georgia,2011,82885.3125,million cubic metres
Kuwait,2007,77.09999847,million cubic metres
Poland,1993,189576.2031,million cubic metres
France,1993(year),473114.9063,million cubic metres
China,2001,5812200,million cubic metres
Jamaica,2012,18488,million cubic metres
Denmark,2006,34500,million cubic metres
Honduras,2012,151.6999969,million cubic metres
Marshall islands,The year of 2001,124.0400009,million cubic metres
Spain,2001(year),301785.9063,million cubic metres
Indonesia,2015,3703368.25,million cubic metres
United kingdom of great britain and northern ireland,2009,284961,million cubic metres
Cuba,2010(year),137896,million cubic metres
Hungary,2012,45384,million cubic metres
Tunisia,2008,21120,million cubic metres
Singapore,2005,1930.699951,million cubic metres
Kuwait,2002(year),141.1999969,million cubic metres
Luxembourg,2010,1917.5,million cubic metres
Kyrgyzstan,2012,12506.40039,million cubic metres
Niger,2000,435767.375,million cubic metres
Morocco,2011,146000,million cubic metres
Luxembourg,2008,2411.100098,million cubic metres
France,2000,572225.5,million cubic metres
Algeria,2003,90000,million cubic metres
Germany,2010(year),300000,million cubic metres
Jordan,The year of 2012,5943,million cubic metres
Croatia,The year of 2007,60255,million cubic metres
Romania,2002(year),155000,million cubic metres
Azerbaijan,2009,44564,million cubic metres
Kuwait,2001,129.5,million cubic metres
Finland,The year of 1997,202000,million cubic metres
Zimbabwe,1999(year),304363,million cubic metres
Ecuador,1995,289258.875,million cubic metres
Venezuela (bolivarian republic of),1997(year),1470000,million cubic metres
Belgium,The year of 2000,32397,million cubic metres
Bosnia and herzegovina,2012,52791.5625,million cubic metres
Estonia,1993(year),29400,million cubic metres
Ecuador,2003,338588.9375,million cubic metres
Estonia,2007,31431.40039,million cubic metres
Mauritius,2012,3141,million cubic metres
Romania,2001,170000,million cubic metres
Costa rica,2009,151182.7031,million cubic metres
Iraq,2012,31620,million cubic metres
Cabo verde,1990,1172.393066,million cubic metres
Andorra,The year of 2010,423.6300049,million cubic metres
Cameroon,2009,785944,million cubic metres
Albania,1999,38284,million cubic metres
Venezuela (bolivarian republic of),1999,1560000,million cubic metres
Czechia,2007,59544,million cubic metres
Malta,2012,164.1000061,million cubic metres
The former yugoslav republic of macedonia,The year of 2006,13863,million cubic metres
United kingdom of great britain and northern ireland,2001,266176.6875,million cubic metres
Czechia,1990,46064,million cubic metres
Jamaica,The year of 2002,23860,million cubic metres
Bosnia and herzegovina,2010,78836.5625,million cubic metres
Croatia,1990(year),51723,million cubic metres
Serbia,1997,52107,million cubic metres
Oman,The year of 2000,9481,million cubic metres
Tunisia,1990,49920,million cubic metres
Kyrgyzstan,2007,77295.79688,million cubic metres
Poland,2000,197268,million cubic metres
Belgium,1999,31153.80078,million cubic metres
France,2013(year),578075.1875,million cubic metres
Croatia,2003,45655,million cubic metres
Saint kitts and nevis,The year of 2008,192.1600037,million cubic metres
Paraguay,2009,636689.75,million cubic metres
United kingdom of great britain and northern ireland,2008,316187,million cubic metres
Gambia,2005(year),11223,million cubic metres
Finland,2011,254903,million cubic metres
Lithuania,2013,43152,million cubic metres
Sri lanka,2005(year),126037,million cubic metres
Monaco,1997(year),1.039999962,million cubic metres
Saint vincent and the grenadines,The year of 2012,5649.595215,million cubic metres
Bermuda,2001(year),81.80000305,million cubic metres
Yemen,The year of 2002,55000,million cubic metres
Sweden,2006,360630,million cubic metres
Sweden,2002(year),307074,million cubic metres
United arab emirates,2006,4247.200195,million cubic metres
Portugal,1995,58737,million cubic metres
Slovakia,2000(year),37500,million cubic metres
Portugal,The year of 2004,61516,million cubic metres
Portugal,2007,76685,million cubic metres
Finland,2000(year),240000,million cubic metres
Turkey,2008,396064,million cubic metres
Iraq,1998(year),92206,million cubic metres
France,1992(year),467894.5,million cubic metres
Serbia and montenegro,1995,57020,million cubic metres
Azerbaijan,2015(year),40927,million cubic metres
Kuwait,2009,47.79999924,million cubic metres
"China, macao special administrative region",1997,70.63999939,million cubic metres
Mauritius,1990,14146.65335,million cubic metres
Romania,2005(year),206000,million cubic metres
Bulgaria,2013,70865,million cubic metres
Georgia,2001,67660,million cubic metres
The former yugoslav republic of macedonia,2015,17889.17773,million cubic metres
Algeria,2009(year),100000,million cubic metres
Kazakhstan,The year of 2008,592094.5,million cubic metres
Sri lanka,2004,105435,million cubic metres
Slovakia,2010,59103.5,million cubic metres
Sweden,The year of 2009,340066,million cubic metres
Romania,1990,113000,million cubic metres
Switzerland,2002(year),59471,million cubic metres
"China, hong kong special administrative region",2004,1909,million cubic metres
Zimbabwe,2001,284708,million cubic metres
Sweden,1995,323845,million cubic metres
Mauritius,2001,10001.72007,million cubic metres
Gambia,2008,11030.26758,million cubic metres
Andorra,1996,625.1678467,million cubic metres
Brazil,2009,16418399,million cubic metres
United kingdom of great britain and northern ireland,1993,284625.4063,million cubic metres
Slovenia,1998(year),31945.09961,million cubic metres
Hungary,2009,58311,million cubic metres
Dominican republic,2001,57541,million cubic metres
Malaysia,2001,860908.6875,million cubic metres
India,The year of 2006,3819000,million cubic metres
Slovakia,1990,36826,million cubic metres
United kingdom of great britain and northern ireland,2003,228855.9063,million cubic metres
Sweden,The year of 1999,322170,million cubic metres
Malaysia,1999,932495.4375,million cubic metres
Malta,2009(year),215,million cubic metres
Costa rica,2001(year),156893.2969,million cubic metres
Central african republic,The year of 1998,852786.375,million cubic metres
Mauritius,2011,3295,million cubic metres
Switzerland,The year of 1999,78600.89844,million cubic metres
France,2001,542698.3125,million cubic metres
Belgium,2006,29325.69922,million cubic metres
Czechia,1992,48186,million cubic metres
Georgia,2014,72216.17188,million cubic metres
Panama,The year of 2004,218414.9375,million cubic metres
Spain,2010,337988.4063,million cubic metres
Cyprus,2010,2570,million cubic metres
Singapore,1995(year),1797,million cubic metres
"China, macao special administrative region",1995,44.17399979,million cubic metres
Anguilla,The year of 2005,124.4000015,million cubic metres
British virgin islands,1991(year),102.3199997,million cubic metres
Jordan,1997,8746,million cubic metres
Croatia,The year of 2004,68673,million cubic metres
Slovakia,1996(year),41127,million cubic metres
Maldives,1999,794.7600098,million cubic metres
Niger,2012,604485.6875,million cubic metres
Honduras,2004,141.4559479,million cubic metres
Cyprus,1991,3663,million cubic metres
Honduras,2014,155.8500061,million cubic metres
Jamaica,2005,21080,million cubic metres
Kuwait,1999,168.1999969,million cubic metres
Belgium,2003,23040.09961,million cubic metres
Hungary,1995,64263,million cubic metres
Turkey,2001,566247,million cubic metres
Estonia,2013,25719,million cubic metres
Slovenia,2013,34848,million cubic metres
Netherlands,2010,32450.59961,million cubic metres
Czechia,2005(year),57730,million cubic metres
Syrian arab republic,2007,39131,million cubic metres
Central african republic,The year of 1990,828919.3125,million cubic metres
Egypt,The year of 2007,1300,million cubic metres
Sudan,2004,7204,million cubic metres
Azerbaijan,The year of 2000,38368.5,million cubic metres
Denmark,1998,44766,million cubic metres
Denmark,2007(year),37319,million cubic metres
Cabo verde,1996,1172.393066,million cubic metres
Egypt,The year of 2006,1300,million cubic metres
Austria,2008,85243,million cubic metres
Suriname,The year of 2009,1833.800049,million cubic metres
Netherlands,2001,35710,million cubic metres
Slovenia,1997,27413.40039,million cubic metres
Anguilla,2002(year),68.19000244,million cubic metres
Zimbabwe,2005(year),206712,million cubic metres
Andorra,1997,444.7502136,million cubic metres
United arab emirates,2014,2732.699951,million cubic metres
Maldives,2012(year),501.5799866,million cubic metres
Hungary,2006,54220,million cubic metres
Cuba,2008,150892,million cubic metres
Georgia,1997(year),67956,million cubic metres
Belarus,The year of 2011,121031,million cubic metres
Netherlands,2005,31153.5,million cubic metres
Malaysia,The year of 2002,745488.5,million cubic metres
Romania,1994,123000,million cubic metres
India,2013,4085000,million cubic metres
Algeria,2004,90000,million cubic metres
Dominican republic,2004,70507,million cubic metres
Algeria,1995,90270,million cubic metres
Germany,2004,287000,million cubic metres
Romania,2012,148798.2969,million cubic metres
Slovakia,2007,39460,million cubic metres
Panama,2001,206315.5,million cubic metres
Ecuador,1998(year),538565.9375,million cubic metres
The former yugoslav republic of macedonia,The year of 2004,22797,million cubic metres
Singapore,2011,2524.199951,million cubic metres
Spain,The year of 1991,283594,million cubic metres
United arab emirates,2012,1295.300049,million cubic metres
Saint kitts and nevis,The year of 1995,214.6999969,million cubic metres
Sweden,The year of 1992,312275,million cubic metres
Croatia,2011(year),66680,million cubic metres
Tunisia,The year of 2000,24960,million cubic metres
Syrian arab republic,2002,44202,million cubic metres
Venezuela (bolivarian republic of),2005(year),1560000,million cubic metres
Marshall islands,1996,152.5700073,million cubic metres
Tunisia,2005,26400,million cubic metres
Jamaica,2010,25247,million cubic metres
Sweden,The year of 2008,357745,million cubic metres
Panama,2002,203652.0469,million cubic metres
Albania,2009,37218,million cubic metres
United kingdom of great britain and northern ireland,1992,300860.6875,million cubic metres
Latvia,2008(year),47873,million cubic metres
Denmark,1996,26287,million cubic metres
Republic of moldova,The year of 2012,17690,million cubic metres
India,2004,3570000,million cubic metres
Maldives,The year of 1998,641.8499756,million cubic metres
Netherlands,1998,39410,million cubic metres
Syrian arab republic,2001,38908,million cubic metres
Bermuda,2003(year),79.40000153,million cubic metres
British virgin islands,2004,183.2100067,million cubic metres
"China, hong kong special administrative region",The year of 2007,1874,million cubic metres
Croatia,1999,66562,million cubic metres
Ireland,The year of 2006,91144.29688,million cubic metres
Slovakia,2005,46029,million cubic metres
Trinidad and tobago,1999,11085,million cubic metres
France,The year of 1995,526938.5,million cubic metres
Guatemala,The year of 2009,251.461853,million cubic metres
China,2002,6261000,million cubic metres
Israel,The year of 2007,5700,million cubic metres
Dominican republic,1998,79742.29688,million cubic metres
Morocco,2009,165000,million cubic metres
Poland,2013(year),210119.2031,million cubic metres
Antigua and barbuda,2000(year),249.6000061,million cubic metres
Antigua and barbuda,1998,384.5,million cubic metres
Tunisia,2006,30600,million cubic metres
Netherlands,2002,33280,million cubic metres
Kyrgyzstan,The year of 2000,88132.70313,million cubic metres
Kyrgyzstan,2006,84046.60156,million cubic metres
Malta,The year of 1999,187.1000061,million cubic metres
Niger,2005,572338.4375,million cubic metres
Albania,2003,27893,million cubic metres
Morocco,1999,172500,million cubic metres
Azerbaijan,2002(year),46787.39844,million cubic metres
Cyprus,2006(year),2326.199951,million cubic metres
Germany,2012,272000,million cubic metres
Paraguay,2007(year),547898.8125,million cubic metres
Jamaica,2007,23509,million cubic metres
Singapore,2006,2753.199951,million cubic metres
Netherlands,1998,126770.892,million cubic metres
Serbia,2014(year),77980,million cubic metres
Slovenia,The year of 2011,23127,million cubic metres
Latvia,2001(year),50702,million cubic metres
Spain,2006,355746.8125,million cubic metres
Iceland,2008,164497,million cubic metres
Albania,2004,42787,million cubic metres
Portugal,2001,131785,million cubic metres
United arab emirates,The year of 2003,5392.630371,million cubic metres
Spain,2011,246632.5938,million cubic metres
Belize,The year of 2004,40278,million cubic metres
Cyprus,2013,1770,million cubic metres
Czechia,1997,57809,million cubic metres
Albania,The year of 2006,32380,million cubic metres
Spain,2000,397961.9063,million cubic metres
United arab emirates,The year of 2010,2384.199951,million cubic metres
Romania,The year of 1996,151000,million cubic metres
Costa rica,2010,205962.2344,million cubic metres
Paraguay,2012,569653.5,million cubic metres
Mauritius,2006,3562,million cubic metres
Belarus,2001,139294,million cubic metres
Serbia,2003,44090,million cubic metres
Lithuania,2012(year),51598,million cubic metres
Slovakia,2013,42348,million cubic metres
Netherlands,2001,91901.82087,million cubic metres
United kingdom of great britain and northern ireland,2002(year),324684.5938,million cubic metres
Cuba,2011,134831,million cubic metres
Serbia,The year of 2009,59320,million cubic metres
Gambia,2006(year),8829.299805,million cubic metres
Slovenia,The year of 1991,20126,million cubic metres
Slovakia,1995(year),40637,million cubic metres
Serbia and montenegro,2002(year),51910,million cubic metres
Finland,2010(year),215684,million cubic metres
Paraguay,The year of 2008,493101.7813,million cubic metres
Spain,2007,300643.0938,million cubic metres
Suriname,The year of 2014,1670.5,million cubic metres
Jamaica,1990,21212,million cubic metres
Switzerland,2011,49767,million cubic metres
Niger,The year of 2006,530492.875,million cubic metres
Belgium,2011,24039.80078,million cubic metres
Slovenia,2009(year),33588,million cubic metres
Hungary,The year of 2000,40548,million cubic metres
Finland,2008,255938,million cubic metres
Paraguay,2000,602081.8125,million cubic metres
Iraq,2008,54921,million cubic metres
Denmark,1994(year),45807,million cubic metres
Germany,The year of 2011,257000,million cubic metres
Andorra,2014,551.6988525,million cubic metres
Cuba,1997,139824,million cubic metres
United kingdom of great britain and northern ireland,1997,260018.7031,million cubic metres
France,1990(year),458802.9063,million cubic metres
Belgium,The year of 1993,28955.69922,million cubic metres
Cyprus,1996(year),2998,million cubic metres
France,2002,535356.625,million cubic metres
Suriname,2015,1960.900024,million cubic metres
Lithuania,1996(year),34230,million cubic metres
Brazil,2006(year),14996266,million cubic metres
Costa rica,The year of 2004,168171.6406,million cubic metres
Suriname,The year of 2010,2319,million cubic metres
Brazil,2007,14996266,million cubic metres
Monaco,1998(year),0.899999976,million cubic metres
Maldives,2006,666.6699829,million cubic metres
Maldives,2005,523.5,million cubic metres
Cyprus,The year of 2011,3348,million cubic metres
Sudan,2010(year),9372,million cubic metres
Antigua and barbuda,2003,253.8999939,million cubic metres
Switzerland,1994,72806.89844,million cubic metres
Lithuania,The year of 1993,46422,million cubic metres
Tunisia,1999,32760,million cubic metres
Israel,The year of 2004,5700,million cubic metres
Kyrgyzstan,1997,68465.29688,million cubic metres
Mauritius,2011,16009.50795,million cubic metres
Mauritius,1995,6770.346637,million cubic metres
Switzerland,1996,50432.30078,million cubic metres
Guinea,2009,1778.699951,million cubic metres
Belarus,1995,127258.7969,million cubic metres
Portugal,1994,57500,million cubic metres
Belize,2005,49017,million cubic metres
Paraguay,2015,773074.875,million cubic metres
Bosnia and herzegovina,The year of 2013,60370.52734,million cubic metres
Bahrain,1990(year),45,million cubic metres
United kingdom of great britain and northern ireland,The year of 1991,253169.5,million cubic metres
Bosnia and herzegovina,2004,61123.30078,million cubic metres
Spain,2009,425689.9063,million cubic metres
Finland,2003,207000,million cubic metres
Armenia,2001(year),12516,million cubic metres
El salvador,The year of 2012,36458,million cubic metres
Antigua and barbuda,1993,322.5,million cubic metres
Republic of moldova,2002,19739.19922,million cubic metres
Indonesia,The year of 2009,4460402.5,million cubic metres
Denmark,1990,42580,million cubic metres
Jordan,2011,6477,million cubic metres
United kingdom of great britain and northern ireland,2007(year),292292,million cubic metres
Sweden,1996(year),253780,million cubic metres
France,2010,481480.0938,million cubic metres
Saint kitts and nevis,2000,167.9600067,million cubic metres
Slovenia,2001(year),28645,million cubic metres
British virgin islands,2005(year),163.1499939,million cubic metres
Botswana,1996(year),299148,million cubic metres
Trinidad and tobago,2000(year),11449.08008,million cubic metres
Malaysia,2005,826437.3125,million cubic metres
Netherlands,1997,27214.15706,million cubic metres
Lebanon,The year of 2000,8600,million cubic metres
Iceland,2012(year),168420,million cubic metres
Republic of moldova,The year of 2008,18995.59961,million cubic metres
Turkey,2005,504580,million cubic metres
Sudan,2011,7087,million cubic metres
Luxembourg,1992(year),2374,million cubic metres
Hungary,2004,63798,million cubic metres
Malaysia,2003,915330.3125,million cubic metres
British virgin islands,The year of 1995,152.0700073,million cubic metres
Malaysia,The year of 2008,1006207.375,million cubic metres
Monaco,2005,1.350000024,million cubic metres
Mauritius,1998,4700.316865,million cubic metres
Hungary,2003,43340,million cubic metres
Ecuador,1999,417664.25,million cubic metres
Honduras,2011,172.8200073,million cubic metres
Marshall islands,2006(year),104.7600021,million cubic metres
Portugal,The year of 2009,45418.19922,million cubic metres
Mauritius,2004,637.6625987,million cubic metres
Sweden,1990(year),349106,million cubic metres
Jordan,2004(year),6951,million cubic metres
Albania,2000(year),30683,million cubic metres
Romania,2011(year),119290,million cubic metres
Belgium,The year of 1995,28959,million cubic metres
Costa rica,2011,154951.6094,million cubic metres
Georgia,1995,58648,million cubic metres
Albania,1995,40311,million cubic metres
Croatia,2000,53137,million cubic metres
Azerbaijan,2006,40009,million cubic metres
Armenia,1998,13559,million cubic metres
Latvia,The year of 2009,47927,million cubic metres
Saint kitts and nevis,2006,252.2700043,million cubic metres
Bermuda,2007(year),76.09999847,million cubic metres
Antigua and barbuda,2012,279.7000122,million cubic metres
Iraq,2011,46380,million cubic metres
Iraq,The year of 2003,89644,million cubic metres
Ecuador,1990,286294.25,million cubic metres
Czechia,2001,63960,million cubic metres
Sudan,2009,7106,million cubic metres
Bulgaria,2012,74630,million cubic metres
Lithuania,2007(year),51603.10156,million cubic metres
France,1991,412166.5938,million cubic metres
Niger,2011,442390.3125,million cubic metres
Brunei darussalam,2003,15518.0498,million cubic metres
Portugal,2002(year),52427,million cubic metres
Cabo verde,The year of 1999,1172.393066,million cubic metres
Belgium,2002(year),33598.80078,million cubic metres
Slovenia,The year of 2004,32052.59961,million cubic metres
Barbados,1995(year),573.1900024,million cubic metres
Romania,The year of 2013,162798.9063,million cubic metres
Republic of moldova,The year of 2007,16967.59961,million cubic metres
Estonia,The year of 2004,33438.5,million cubic metres
Luxembourg,1999,2023,million cubic metres
Croatia,2001,62517,million cubic metres
Ireland,2007(year),82798.5,million cubic metres
Belize,2001,45796,million cubic metres
Algeria,1990,76160,million cubic metres
Sweden,2004,339172,million cubic metres
Finland,1991,245000,million cubic metres
Portugal,2008(year),52684.10156,million cubic metres
Saint kitts and nevis,2002,121.1299973,million cubic metres
Guatemala,2008,332.7369385,million cubic metres
Jordan,2001,7375,million cubic metres
Kyrgyzstan,2010,18071.80078,million cubic metres
"China, macao special administrative region",1998,62.68999863,million cubic metres
Serbia,2005,63501.05469,million cubic metres
Kyrgyzstan,2004,100809.7969,million cubic metres
Israel,1998,6360,million cubic metres
Marshall islands,2000,135.3800049,million cubic metres
Hungary,1999(year),75700,million cubic metres
Jordan,2007(year),7683,million cubic metres
Finland,2007,185000,million cubic metres
El salvador,2005,36457.90625,million cubic metres
India,2007(year),3882000,million cubic metres
Cabo verde,The year of 2000,1398.241089,million cubic metres
Azerbaijan,2014(year),33575,million cubic metres
Serbia,2008(year),46758,million cubic metres
Spain,2012(year),422481.9063,million cubic metres
Georgia,2009,87926,million cubic metres
Cuba,1990,149467,million cubic metres
Dominican republic,2002(year),57831,million cubic metres
Belgium,1991,23604.19922,million cubic metres
Switzerland,2012,61785,million cubic metres
Monaco,1999,1.279999971,million cubic metres
Andorra,2002(year),518.2606812,million cubic metres
Iraq,The year of 2014,108812,million cubic metres
Armenia,2008,13378,million cubic metres
Lithuania,2000(year),39968,million cubic metres
Marshall islands,2007(year),107.7699966,million cubic metres
Monaco,1990(year),1.110000014,million cubic metres
France,The year of 2009,474837.4063,million cubic metres
Singapore,2013,2748.399902,million cubic metres
Serbia and montenegro,1999,64850,million cubic metres
Switzerland,2000,62203,million cubic metres
Romania,The year of 2008,158000,million cubic metres
Israel,2000,4700,million cubic metres
The former yugoslav republic of macedonia,The year of 2013,15359.33887,million cubic metres
Hungary,1993,49941,million cubic metres
Gambia,1995,8586,million cubic metres
Slovakia,1991,34619,million cubic metres
Malta,The year of 1995,162.3000031,million cubic metres
Italy,2007,194680,million cubic metres
Maldives,1995(year),422.1000061,million cubic metres
Malta,2011(year),186.8000031,million cubic metres
Mauritius,2005,4801,million cubic metres
Anguilla,2006,99.55000305,million cubic metres
Slovakia,1993,33186,million cubic metres
Honduras,The year of 2006,163.7126007,million cubic metres
Panama,The year of 1999,214792,million cubic metres
Niger,2001,467281.125,million cubic metres
Algeria,2002,80000,million cubic metres
"China, macao special administrative region",The year of 1999,50.07600021,million cubic metres
Andorra,2007,306.4562378,million cubic metres
Mauritius,1999,4283.15434,million cubic metres
Germany,2006,248000,million cubic metres
Republic of moldova,2001,20246.19922,million cubic metres
Guatemala,2001,260.053009,million cubic metres
"China, macao special administrative region",2005,49.37400055,million cubic metres
Andorra,1999(year),480.9143677,million cubic metres
Cuba,1996,161360,million cubic metres
Estonia,2005,28985.69922,million cubic metres
Costa rica,2003,163506.9844,million cubic metres
Serbia,2010,64511,million cubic metres
Jordan,2010,8727.660156,million cubic metres
Sri lanka,2003,127611,million cubic metres
Chile,The year of 2007,800225.1875,million cubic metres
Sudan,The year of 2008,8305,million cubic metres
Hungary,2013(year),62031,million cubic metres
Dominican republic,The year of 1997,44587.30078,million cubic metres
Portugal,The year of 1996,111270,million cubic metres
Indonesia,2006,1416953.625,million cubic metres
Lithuania,2002,40737,million cubic metres
Antigua and barbuda,2008,392.5,million cubic metres
Dominican republic,1990,68869.20313,million cubic metres
Georgia,2002,89588,million cubic metres
Poland,1994,201489.2031,million cubic metres
Iceland,The year of 2013,173377,million cubic metres
Sri lanka,2002(year),93101,million cubic metres
Malaysia,The year of 2013,864517.0625,million cubic metres
Netherlands,1992,32538,million cubic metres
Azerbaijan,2012,39654,million cubic metres
Chile,2002,1306221,million cubic metres
Italy,2009,272025.8125,million cubic metres
United kingdom of great britain and northern ireland,2006,298282,million cubic metres
Anguilla,2009,71.08000183,million cubic metres
Spain,2003,373802.9063,million cubic metres
Bosnia and herzegovina,2008,49688.28516,million cubic metres
Jamaica,2009,17830,million cubic metres
Bosnia and herzegovina,2000,44019,million cubic metres
Slovenia,1993,18792.09961,million cubic metres
Antigua and barbuda,1995,374.5,million cubic metres
Malaysia,2012,891219.5625,million cubic metres
Belgium,1990,25962.80078,million cubic metres
Venezuela (bolivarian republic of),The year of 1998,1520000,million cubic metres
Denmark,1993,39457,million cubic metres
Costa rica,2013,126400.0391,million cubic metres
Netherlands,2003,4910.17178,million cubic metres
Luxembourg,The year of 2011,1508.400024,million cubic metres
Belarus,2012,157153,million cubic metres
Israel,1999,3100,million cubic metres
Turkey,2004,490373,million cubic metres
Maldives,The year of 2009,610.3400269,million cubic metres
The former yugoslav republic of macedonia,The year of 1998,15776,million cubic metres
Netherlands,2008,99456.79559,million cubic metres
The former yugoslav republic of macedonia,The year of 2005,19174,million cubic metres
Azerbaijan,1996,30764,million cubic metres
Antigua and barbuda,2011(year),450.2000122,million cubic metres
Panama,2003,237233.7344,million cubic metres
Suriname,2012,1805.199951,million cubic metres
France,2012,516508.6875,million cubic metres
Portugal,1992,63900,million cubic metres
Cabo verde,1997,1172.393066,million cubic metres
Slovakia,1998,40196,million cubic metres
Netherlands,2009,29895.5,million cubic metres
Antigua and barbuda,1990,300.2999878,million cubic metres
Saint vincent and the grenadines,2009,5616.338867,million cubic metres
Venezuela (bolivarian republic of),1996,1420000,million cubic metres
Bahrain,1998,96.69999695,million cubic metres
Switzerland,2006,56696,million cubic metres
Bahrain,2005,74.19999695,million cubic metres
Belarus,2002(year),115042,million cubic metres
Gambia,2000(year),9323,million cubic metres
Lithuania,2010(year),55033,million cubic metres
Turkey,2011(year),519083,million cubic metres
Czechia,1996(year),54890,million cubic metres
Iraq,The year of 1997,134639,million cubic metres
Belgium,2005,26028.30078,million cubic metres
Panama,2009(year),208818.1719,million cubic metres
Jordan,2000,3651,million cubic metres
Kyrgyzstan,1990,91064.5,million cubic metres
Armenia,The year of 2006,16658,million cubic metres
Bermuda,The year of 2006,80.79999542,million cubic metres
Central african republic,1997,853232.0625,million cubic metres
Togo,1996,69793,million cubic metres
Guinea,The year of 2005,2000.01001,million cubic metres
Indonesia,2001,4208330.5,million cubic metres
Serbia,The year of 2013,51568,million cubic metres
Lithuania,The year of 1995,46162,million cubic metres
"China, hong kong special administrative region",2002,2734,million cubic metres
Romania,The year of 1991,170000,million cubic metres
Czechia,1993,53391,million cubic metres
Czechia,2006,55837,million cubic metres
Mauritius,1995,4094,million cubic metres
Singapore,2012(year),2159.899902,million cubic metres
"China, hong kong special administrative region",1995(year),3024.300049,million cubic metres
Israel,1995,8000,million cubic metres
Jamaica,2001,20222,million cubic metres
Mauritius,2003,4284,million cubic metres
Luxembourg,1995(year),2234,million cubic metres
Trinidad and tobago,2002(year),10164,million cubic metres
Hungary,1991,55480,million cubic metres
Slovenia,1994(year),24286,million cubic metres
Andorra,1995,424.8518982,million cubic metres
Denmark,2000,32000,million cubic metres
Armenia,2007,19221,million cubic metres
Antigua and barbuda,2015,161.1000061,million cubic metres
Hungary,2002(year),52452,million cubic metres
Belarus,2003,127894,million cubic metres
Panama,1996,225321,million cubic metres
Syrian arab republic,1995,43291,million cubic metres
Brunei darussalam,2000,19954.50977,million cubic metres
Netherlands,2002,42899.18113,million cubic metres
India,2009,3136000,million cubic metres
"China, macao special administrative region",2007,38.11999893,million cubic metres
Italy,2001(year),190838.7031,million cubic metres
Singapore,2015(year),1266.800049,million cubic metres
Ecuador,2000,345077.3125,million cubic metres
Latvia,2004,44755,million cubic metres
Andorra,2012,352.9525146,million cubic metres
Albania,The year of 2012,24058,million cubic metres
Singapore,The year of 1997,1185,million cubic metres
Maldives,2004(year),638.9400024,million cubic metres
Kazakhstan,2006,724314.8125,million cubic metres
Netherlands,1993,31586,million cubic metres
Germany,1993(year),314000,million cubic metres
Algeria,1996,53380,million cubic metres
Indonesia,The year of 2012,4463717.5,million cubic metres
Netherlands,2000,151027.9715,million cubic metres
Lithuania,2008,43398,million cubic metres
Estonia,The year of 1997,29294,million cubic metres
Luxembourg,1991,1717,million cubic metres
Barbados,1990,705.6300049,million cubic metres
Tunisia,2007,31680,million cubic metres
Jamaica,2003(year),20387,million cubic metres
Cyprus,The year of 2002,2841.100098,million cubic metres
Serbia,2001,60980,million cubic metres
Maldives,The year of 2002,649.9899902,million cubic metres
Paraguay,2002,633679.5625,million cubic metres
Slovenia,2005,28342.69922,million cubic metres
Israel,1997(year),6100,million cubic metres
Iraq,2002,96636,million cubic metres
Andorra,1998,361.2449341,million cubic metres
Portugal,2005,35188,million cubic metres
Turkey,2002(year),495134,million cubic metres
Panama,The year of 2007,247074.8281,million cubic metres
Belgium,The year of 1997,24767.30078,million cubic metres
Latvia,1995(year),46117,million cubic metres
Austria,2007,99493,million cubic metres
Honduras,The year of 2013,156.3500061,million cubic metres
Cyprus,2007,2766.699951,million cubic metres
Panama,1998(year),204365,million cubic metres
United arab emirates,2009,4261,million cubic metres
Kyrgyzstan,2011,16060.59961,million cubic metres
The former yugoslav republic of macedonia,2002,24172,million cubic metres
Slovenia,2003,23249.30078,million cubic metres
British virgin islands,The year of 2001,147.5099945,million cubic metres
Kuwait,2012,126.8000031,million cubic metres
Albania,The year of 1990,28385,million cubic metres
Paraguay,2011,547480.125,million cubic metres
Trinidad and tobago,2006,10882.75,million cubic metres
Latvia,2000,42629,million cubic metres
Cabo verde,2002,886.4534302,million cubic metres
Georgia,1999,74942,million cubic metres
Israel,2009,4700,million cubic metres
Switzerland,2013,65295,million cubic metres
Benin,2008,108457,million cubic metres
Andorra,The year of 2003,470.8120422,million cubic metres
Trinidad and tobago,2005,12084.12988,million cubic metres
Kuwait,1996(year),187.3999939,million cubic metres
Morocco,The year of 2012,91000,million cubic metres
Switzerland,The year of 1991,59231,million cubic metres
Serbia,2015,51746,million cubic metres
Brazil,2004(year),14996266,million cubic metres
Anguilla,2008(year),96.88999939,million cubic metres
Bahrain,The year of 1996,87.19999695,million cubic metres
Netherlands,2006,30417.59961,million cubic metres
Malta,The year of 2003,286.7999878,million cubic metres
Cyprus,2009(year),3745,million cubic metres
Belarus,The year of 2010,151340,million cubic metres
Netherlands,2008,32924.10156,million cubic metres
Netherlands,2012,46676.66033,million cubic metres
Armenia,2000,11264,million cubic metres
Georgia,2005,87279,million cubic metres
Italy,2008,262289.8125,million cubic metres
Cabo verde,The year of 1998,1172.393066,million cubic metres
Albania,2005,42840,million cubic metres
Bermuda,1990,60.90000153,million cubic metres
Mauritius,2009,4213,million cubic metres
Germany,The year of 2003,215000,million cubic metres
Andorra,The year of 2006,353.0133057,million cubic metres
Netherlands,1990,24940,million cubic metres
Cuba,2002,153003,million cubic metres
The former yugoslav republic of macedonia,1999(year),21780,million cubic metres
France,The year of 2006,509886.1875,million cubic metres
Czechia,1998,56153,million cubic metres
Germany,2000,294000,million cubic metres
Saint kitts and nevis,2003,160.5800018,million cubic metres
Malaysia,2011,984810.125,million cubic metres
Anguilla,1990,93.09999847,million cubic metres
"China, macao special administrative region",2003,38.74000168,million cubic metres
Ireland,2010,73842,million cubic metres
Venezuela (bolivarian republic of),2008,1293661.5,million cubic metres
Guatemala,2007(year),282.5536804,million cubic metres
Ireland,2013,83633.79688,million cubic metres
Netherlands,2010,150213.9269,million cubic metres
Republic of moldova,2004,19806.80078,million cubic metres
Honduras,The year of 2007,162.8319244,million cubic metres
Jamaica,2004,19794,million cubic metres
The former yugoslav republic of macedonia,The year of 1990,13860,million cubic metres
Sri lanka,The year of 1990,106682,million cubic metres
Denmark,The year of 2003,26500,million cubic metres
Germany,1997,252000,million cubic metres
The former yugoslav republic of macedonia,The year of 2014,21698.23633,million cubic metres
Niger,2002,441238.5,million cubic metres
"China, hong kong special administrative region",2005,3530,million cubic metres
"China, macao special administrative region",2002,56.7840004,million cubic metres
Spain,The year of 1998,365853,million cubic metres
Finland,1992,257000,million cubic metres
Maldives,2008,591.3599854,million cubic metres
Singapore,2000(year),1818,million cubic metres
Slovakia,2012(year),34848.60156,million cubic metres
Central african republic,1995,918760.6875,million cubic metres
Germany,1998,323000,million cubic metres
Lithuania,1991,39381,million cubic metres
Poland,1992(year),170659.2031,million cubic metres
Paraguay,2004(year),586477.125,million cubic metres
Georgia,The year of 2010,77910.45313,million cubic metres
Denmark,2004,34500,million cubic metres
Serbia,2004(year),60740,million cubic metres
Czechia,2009(year),59046,million cubic metres
Mauritius,2009,2269.128418,million cubic metres
Sweden,2010(year),335750,million cubic metres
Costa rica,The year of 2005,161001.5938,million cubic metres
Italy,2004,274198.6875,million cubic metres
Kuwait,2010,35,million cubic metres
Poland,2012,195767.2969,million cubic metres
Monaco,2004(year),1.110000014,million cubic metres
India,The year of 2011,3669000,million cubic metres
Antigua and barbuda,2014,257.5,million cubic metres
Slovakia,2009,41715,million cubic metres
Czechia,2011,49000,million cubic metres
Malaysia,The year of 2004,805451.625,million cubic metres
"China, hong kong special administrative region",1996(year),2469.5,million cubic metres
Belgium,2010,27465,million cubic metres
Finland,2009,192638,million cubic metres
Luxembourg,The year of 2009,2155.600098,million cubic metres
Trinidad and tobago,2001,8728.820313,million cubic metres
Trinidad and tobago,2004,11607.74023,million cubic metres
Kyrgyzstan,1999,105759.2031,million cubic metres
Ireland,2005,80278.60156,million cubic metres
United arab emirates,2008,2655.899902,million cubic metres
Belgium,2008,29484.59961,million cubic metres
Monaco,The year of 2010,2.190000057,million cubic metres
Niger,2007(year),532140,million cubic metres
Finland,The year of 1993,210000,million cubic metres
Slovakia,2004(year),41715,million cubic metres
China,The year of 2007,5776300,million cubic metres
Saint vincent and the grenadines,The year of 2011,8289.177734,million cubic metres
Romania,1992,116000,million cubic metres
Sweden,The year of 1994,282580,million cubic metres
Italy,2005,250316,million cubic metres
Belarus,2007,131826,million cubic metres
Cuba,2007,173896,million cubic metres
Cuba,2009,114559,million cubic metres
British virgin islands,1999(year),185.5500031,million cubic metres
Malaysia,2009,933304.25,million cubic metres
Serbia and montenegro,1997,83117.73438,million cubic metres
Antigua and barbuda,2009,276.8999939,million cubic metres
Guatemala,2003,270.6896973,million cubic metres
"China, hong kong special administrative region",1990,2247.5,million cubic metres
Bosnia and herzegovina,2006,49908.48438,million cubic metres
Jordan,The year of 2005,9304,million cubic metres
Maldives,1996,585.1500244,million cubic metres
The former yugoslav republic of macedonia,1995,22664,million cubic metres
Germany,2005,261000,million cubic metres
The former yugoslav republic of macedonia,The year of 2008,12999,million cubic metres
Cuba,2003(year),136931,million cubic metres
Switzerland,2004(year),56977,million cubic metres
Saint kitts and nevis,1999(year),300.3599854,million cubic metres
Hungary,The year of 2005,69378,million cubic metres
Niger,The year of 2010,563043.3125,million cubic metres
Botswana,1995,239202,million cubic metres
Serbia,2000(year),30760,million cubic metres
Monaco,2015,1.440000057,million cubic metres
Malta,1990,158.8000031,million cubic metres
Slovakia,1999,40294,million cubic metres
Bosnia and herzegovina,The year of 2015,48981.60156,million cubic metres
Latvia,2007,48579,million cubic metres
Netherlands,2005,122292.8381,million cubic metres
Ecuador,2005,309709.5938,million cubic metres
Azerbaijan,2011,52462,million cubic metres
Malaysia,1997(year),706244.125,million cubic metres
Sweden,2005(year),334552,million cubic metres
Israel,2005,5700,million cubic metres
Chile,The year of 2003,1377889,million cubic metres
Chile,1999(year),1083755,million cubic metres
Republic of moldova,1998(year),21530.59961,million cubic metres
Honduras,2005,186.0053558,million cubic metres
Bahrain,The year of 2004,59.79999924,million cubic metres
"China, macao special administrative region",2006,51.95000076,million cubic metres
Saint kitts and nevis,2005,270.0299988,million cubic metres
Jordan,The year of 2008,5193.72998,million cubic metres
The former yugoslav republic of macedonia,2009,18159.80664,million cubic metres
Rwanda,The year of 2011,35158.60156,million cubic metres
Poland,1999(year),199832,million cubic metres
Gambia,2004(year),8797,million cubic metres
The former yugoslav republic of macedonia,The year of 1997,12704.2998,million cubic metres
Cyprus,2004,3227.100098,million cubic metres
Lithuania,2003,40104,million cubic metres
"China, macao special administrative region",The year of 2008,73.19999695,million cubic metres
Spain,2008,305173.5938,million cubic metres
Switzerland,2010,59183,million cubic metres
Turkey,2003,536428,million cubic metres
Gambia,2009(year),11373.39355,million cubic metres
Iraq,2004,75050,million cubic metres
Albania,2010,51134,million cubic metres
Chile,1990,1152225,million cubic metres
Georgia,2000,65811,million cubic metres
China,The year of 2004,5687600,million cubic metres
Brazil,2002,14996266,million cubic metres
Netherlands,1992,29618.75265,million cubic metres
Zimbabwe,2002,181977,million cubic metres
France,2011(year),427648.1875,million cubic metres
Netherlands,1991,24344,million cubic metres
Gambia,1999(year),12571,million cubic metres
Slovenia,1999,31323.09961,million cubic metres
Republic of moldova,1990,12979.2002,million cubic metres
Malta,1998,73.69999695,million cubic metres
Mauritius,1990,3202,million cubic metres
Sweden,2013,311389,million cubic metres
Georgia,The year of 2008,72602,million cubic metres
Malta,2007,196.1000061,million cubic metres
Cyprus,2001,3213,million cubic metres
Azerbaijan,1997,36381,million cubic metres
Poland,The year of 2008,200207.2969,million cubic metres
Jordan,The year of 1999,2973,million cubic metres
Antigua and barbuda,1997,279.2000122,million cubic metres
Panama,2015,122808.2109,million cubic metres
Sweden,1998(year),372570,million cubic metres
Mauritius,2002,3764,million cubic metres
Romania,1998,170000,million cubic metres
Denmark,1999,47109,million cubic metres
Ireland,The year of 2009,105505.6016,million cubic metres
Ecuador,The year of 2001,346039.9063,million cubic metres
Netherlands,2006,39710.68127,million cubic metres
Guinea,2004(year),1708.939941,million cubic metres
Maldives,The year of 2011,512.1500244,million cubic metres
Bahrain,The year of 2007,47.29999924,million cubic metres
Germany,1999(year),294000,million cubic metres
Sri lanka,The year of 1995,106223,million cubic metres
Guatemala,The year of 2002,258.8257141,million cubic metres
India,2005(year),3996000,million cubic metres
China,2010,6565000,million cubic metres
Estonia,2012,38917,million cubic metres
Czechia,The year of 2003,40695,million cubic metres
Jordan,1995,8440,million cubic metres
Monaco,The year of 2001,0.720000029,million cubic metres
France,2008(year),562079.6875,million cubic metres
Cyprus,1997,2573,million cubic metres
British virgin islands,2003(year),190.8399963,million cubic metres
Mauritius,2000,17778.02048,million cubic metres
Latvia,2005,42216,million cubic metres
British virgin islands,2000,145.5500031,million cubic metres
Central african republic,The year of 2005,820703.875,million cubic metres
Belarus,1996,125805.6016,million cubic metres
Brazil,The year of 2010,13787027,million cubic metres
Belgium,2012,29820.40039,million cubic metres
Niger,1998,602930.75,million cubic metres
Antigua and barbuda,2006,332.7999878,million cubic metres
Austria,2010,88872,million cubic metres
Latvia,2002,37841,million cubic metres
Bahrain,2002(year),60.29999924,million cubic metres
Latvia,1999,41184,million cubic metres
Central african republic,The year of 2003,904821.0625,million cubic metres
Mauritius,1998,3861,million cubic metres
Switzerland,2009,55425,million cubic metres
Singapore,1999,1861,million cubic metres
Jamaica,1999,19574,million cubic metres
"China, hong kong special administrative region",1998,2815.899902,million cubic metres
Dominican republic,1996,87198.60156,million cubic metres
Bahrain,1997,176.8000031,million cubic metres
Kazakhstan,2003,770722.8125,million cubic metres
Zimbabwe,The year of 1990,244264,million cubic metres
Germany,1992,282000,million cubic metres
Switzerland,1998,56717.30078,million cubic metres
Brazil,2011(year),16128863,million cubic metres
Panama,2013,175760.9375,million cubic metres
Latvia,1992,41401,million cubic metres
Austria,The year of 2011,83256,million cubic metres
"China, hong kong special administrative region",1997,3670.600098,million cubic metres
Germany,2008,269000,million cubic metres
Spain,2004,221456.2969,million cubic metres
Denmark,2008,33742,million cubic metres
Mauritius,1999,2002,million cubic metres
Denmark,2009,31588,million cubic metres
Estonia,1996,24793,million cubic metres
Serbia and montenegro,2000,30760,million cubic metres
Belize,2003(year),38847,million cubic metres
"China, hong kong special administrative region",2000,3022,million cubic metres
Estonia,2002(year),24227,million cubic metres
Syrian arab republic,2004(year),60397,million cubic metres
Brunei darussalam,1999(year),19561.99023,million cubic metres
Slovenia,The year of 2006,24124.90039,million cubic metres
Denmark,1992(year),36542,million cubic metres
Switzerland,1992,57787,million cubic metres
Marshall islands,The year of 2004,120.5500031,million cubic metres
Kazakhstan,2004,724854,million cubic metres
Kuwait,1998,111.6999969,million cubic metres
Malta,2006,170.6000061,million cubic metres
Kyrgyzstan,The year of 2005,93539.5,million cubic metres
Slovenia,1990,32099.5,million cubic metres
Germany,1995,309000,million cubic metres
Andorra,2009,464.0131226,million cubic metres
Czechia,2012(year),54812,million cubic metres
Albania,2007,30964,million cubic metres
Monaco,2013,2.170000076,million cubic metres
Romania,1999(year),170000,million cubic metres
Saint kitts and nevis,The year of 1996,230.3999939,million cubic metres
Hungary,2007,58400,million cubic metres
Venezuela (bolivarian republic of),2002,1420000,million cubic metres
Denmark,The year of 2002,36500,million cubic metres
Mauritius,1997,14951.15887,million cubic metres
Spain,1993(year),301415,million cubic metres
Netherlands,2013,85567.75925,million cubic metres
Singapore,2001,1968,million cubic metres
"China, macao special administrative region",The year of 2001,66.45600128,million cubic metres
Albania,The year of 2011,20569,million cubic metres
Portugal,1998,61773,million cubic metres
Belarus,2009,167877,million cubic metres
Hungary,2008(year),56451,million cubic metres
Turkey,The year of 1990,399979,million cubic metres
Marshall islands,2003(year),130,million cubic metres
Malaysia,1998,782802.875,million cubic metres
Morocco,2008,165000,million cubic metres
Honduras,2009,135.3999939,million cubic metres
Mauritius,2002,1033.786271,million cubic metres
Estonia,The year of 2003,18933.90039,million cubic metres
Belgium,The year of 2009,26223.59961,million cubic metres
Rwanda,2012,32414.17969,million cubic metres
Latvia,1990,54578,million cubic metres
Saint kitts and nevis,The year of 2004,290.3399963,million cubic metres
Latvia,2012,48495,million cubic metres
Denmark,The year of 1997,32377,million cubic metres
Poland,2011,215247.0938,million cubic metres
Iraq,The year of 2013,86515,million cubic metres
Hungary,2001,57102,million cubic metres
Sweden,1991,278530,million cubic metres
Armenia,2002,17761,million cubic metres
United kingdom of great britain and northern ireland,1999,314559.1875,million cubic metres
Slovenia,1995,32672.5,million cubic metres
Paraguay,1995,517728.375,million cubic metres
Saint kitts and nevis,2011,279.6000061,million cubic metres
Estonia,1995,29868,million cubic metres
Niger,1996(year),473708.25,million cubic metres
Iraq,1999,78221,million cubic metres
Chile,The year of 2000,1160289,million cubic metres
Latvia,2010,54298,million cubic metres
Jordan,2009,6378.97998,million cubic metres
Rwanda,2008(year),31666.17969,million cubic metres
Kuwait,1995,155.6000061,million cubic metres
Romania,1993,137000,million cubic metres
Latvia,1997,48027,million cubic metres
Belize,2002(year),40442,million cubic metres
Cuba,The year of 2001,147753,million cubic metres
Georgia,2012,75382.46094,million cubic metres
Portugal,1990(year),93571,million cubic metres
Dominican republic,2000,54501.60156,million cubic metres
Israel,2003,8400,million cubic metres
Luxembourg,1994,1993,million cubic metres
Ecuador,2009,329119.7813,million cubic metres
Lithuania,1999,41700,million cubic metres
Tunisia,2011,29280,million cubic metres
France,The year of 1999,583224.6875,million cubic metres
United arab emirates,2015,1495.581421,million cubic metres
Republic of moldova,The year of 2005,20682.40039,million cubic metres
Zimbabwe,The year of 2000,345236,million cubic metres
Germany,1990,273000,million cubic metres
Jordan,1998,9110,million cubic metres
United kingdom of great britain and northern ireland,1994,300860.6875,million cubic metres
Central african republic,2002,883377.5,million cubic metres
Hungary,1990,46779,million cubic metres
Panama,1990,189232,million cubic metres
Poland,1995,205053.7031,million cubic metres
Armenia,The year of 1999,14393,million cubic metres
Albania,2008,29458,million cubic metres
Republic of moldova,2010,24105,million cubic metres
Latvia,1991,43468,million cubic metres
Turkey,2010,568961,million cubic metres
United kingdom of great britain and northern ireland,1995,260019,million cubic metres
Belarus,1998,172045,million cubic metres
Malaysia,The year of 2014,845344.25,million cubic metres
Finland,2012,273591,million cubic metres
Venezuela (bolivarian republic of),2003,1195231,million cubic metres
Panama,The year of 2012,185971.0469,million cubic metres
Luxembourg,The year of 1993,2348,million cubic metres
Switzerland,2007(year),63723,million cubic metres
Armenia,2009,17713,million cubic metres
Lithuania,2009,46871,million cubic metres
Switzerland,The year of 1995,70091,million cubic metres
Togo,1990,79878,million cubic metres
Dominican republic,1999,68752.39844,million cubic metres
"China, hong kong special administrative region",The year of 1999,2337.800049,million cubic metres
Slovakia,2008(year),40049,million cubic metres
Anguilla,2003,108.7699966,million cubic metres
Marshall islands,2005,132.1399994,million cubic metres
The former yugoslav republic of macedonia,2012(year),16544.38672,million cubic metres
Belgium,The year of 2001,34093.80078,million cubic metres
Rwanda,2010,33941.78125,million cubic metres
Brunei darussalam,2001(year),21451.7207,million cubic metres
Monaco,2012(year),1.769999981,million cubic metres
Egypt,The year of 2004,1300,million cubic metres
Algeria,1997,74460,million cubic metres
Central african republic,2000(year),763949.8125,million cubic metres
Indonesia,2013(year),5606710.5,million cubic metres
Singapore,2010,2075.100098,million cubic metres
Venezuela (bolivarian republic of),2006(year),1060000,million cubic metres
Estonia,2000,29117,million cubic metres
Switzerland,2008(year),58563,million cubic metres
Morocco,The year of 1995,262500,million cubic metres
Monaco,The year of 2000,2.140000105,million cubic metres
Marshall islands,The year of 1997,125.1999969,million cubic metres
Armenia,1990,15794,million cubic metres
South africa,2000,548600,million cubic metres
Republic of moldova,1996(year),22713.59961,million cubic metres
The former yugoslav republic of macedonia,2007(year),15422,million cubic metres
Antigua and barbuda,2004,426.8999939,million cubic metres
Italy,1990(year),296000,million cubic metres
Switzerland,The year of 2001,78097,million cubic metres
Algeria,2012,80000,million cubic metres
Cyprus,The year of 2005,2303.399902,million cubic metres
Suriname,2011(year),2074.600098,million cubic metres
Singapore,The year of 1998,1962,million cubic metres
Cyprus,2012,4737,million cubic metres
Singapore,2009(year),1920.900024,million cubic metres
Albania,2002(year),35883,million cubic metres
Finland,2013,221166,million cubic metres
Central african republic,The year of 2006,854861.9375,million cubic metres
Panama,1995,215991,million cubic metres
Estonia,2006,23514.69922,million cubic metres
Romania,The year of 1997,171000,million cubic metres
Republic of moldova,1997,21226.40039,million cubic metres
Netherlands,2004,34044.69922,million cubic metres
France,1996,496655.8125,million cubic metres
Lithuania,2001(year),50302,million cubic metres
Belgium,2004,28408.09961,million cubic metres
Netherlands,1999,32240,million cubic metres
Finland,1996,195000,million cubic metres
Slovenia,2002,29499.90039,million cubic metres
Saint kitts and nevis,2001(year),193.7200012,million cubic metres
Georgia,2003(year),83605,million cubic metres
Saint vincent and the grenadines,2010(year),7237.508789,million cubic metres
Guatemala,The year of 2011,354.9648743,million cubic metres
Guinea,2006,1751,million cubic metres
Cuba,2000,135646,million cubic metres
Ecuador,2007,347468.4688,million cubic metres
Niger,2009,443403.9375,million cubic metres
Sweden,2011,381114,million cubic metres
Indonesia,2011,4028856.25,million cubic metres
Poland,2006,193140.7969,million cubic metres
Finland,1990,201000,million cubic metres
"China, macao special administrative region",The year of 1990,32.42200089,million cubic metres
Romania,2006,162500,million cubic metres
Spain,2002,369899.4063,million cubic metres
Serbia,The year of 2012,46082,million cubic metres
Cte d'ivoire,1990,420000,million cubic metres
Netherlands,2003,25382.30078,million cubic metres
France,The year of 1998,484093.3125,million cubic metres
Croatia,The year of 2006,57114,million cubic metres
"China, hong kong special administrative region",2008,3366.6875,million cubic metres
Netherlands,1996,106798.2603,million cubic metres
Czechia,1991,46687,million cubic metres
United kingdom of great britain and northern ireland,The year of 1996,232621.5938,million cubic metres
Chile,1995,971392,million cubic metres
China,2006,5784000,million cubic metres
Venezuela (bolivarian republic of),The year of 1995,1520000,million cubic metres
Kyrgyzstan,1996,82101.70313,million cubic metres
Indonesia,2000,2088144.5,million cubic metres
Slovenia,1996,33856.89844,million cubic metres
Malaysia,2000(year),900660.25,million cubic metres
Slovenia,2008(year),36444,million cubic metres
Kyrgyzstan,2003,116110.3984,million cubic metres
Sri lanka,2006(year),107600,million cubic metres
Panama,2008,217466.3906,million cubic metres
Azerbaijan,2007,43126.80078,million cubic metres
China,2013,6267400,million cubic metres
Netherlands,2013,30496.90039,million cubic metres
Ecuador,2008,410788.625,million cubic metres
Cyprus,1993,1965,million cubic metres
The former yugoslav republic of macedonia,1996,16414,million cubic metres
Kyrgyzstan,1998(year),117132.8984,million cubic metres
Sri lanka,1996,126168,million cubic metres
Maldives,2001,542.0300293,million cubic metres
Republic of moldova,2006,17170.40039,million cubic metres
Antigua and barbuda,2001,238,million cubic metres
Tunisia,1995,24240,million cubic metres
Czechia,The year of 2010,68329,million cubic metres
Georgia,1990,72584,million cubic metres
Niger,1990,425907.8125,million cubic metres
Algeria,2006,100000,million cubic metres
Hungary,1996(year),63500,million cubic metres
Finland,1999(year),209600,million cubic metres
Republic of moldova,1999,18599,million cubic metres
Antigua and barbuda,2010,463.8999939,million cubic metres
Armenia,1996(year),16777,million cubic metres
Germany,2001,327000,million cubic metres
Antigua and barbuda,1999,426.7999878,million cubic metres
Poland,1998(year),220093.5,million cubic metres
Lithuania,1998,55600,million cubic metres
Botswana,1990,183912,million cubic metres
India,2012(year),3467000,million cubic metres
Serbia,The year of 2006,53796.27734,million cubic metres
Israel,The year of 2002,6600,million cubic metres
Panama,1997(year),156306,million cubic metres
Malta,1996,123.3000031,million cubic metres
United arab emirates,2004(year),1886.300049,million cubic metres
Costa rica,2002,162937.4531,million cubic metres
Iraq,2006,96636,million cubic metres
Mauritius,2000,3654,million cubic metres
Bermuda,The year of 2000,92.90000153,million cubic metres
Latvia,The year of 1994,43662,million cubic metres
Egypt,The year of 2003,1300,million cubic metres
Hungary,1994,50030,million cubic metres
Italy,2003,218186.2031,million cubic metres
Marshall islands,1990(year),118.3000031,million cubic metres
Spain,2005,313516.5,million cubic metres
Panama,The year of 2006,219090.2813,million cubic metres
Belgium,1994,28818.40039,million cubic metres
Bosnia and herzegovina,2005(year),63258.72656,million cubic metres
Latvia,The year of 2013,40641,million cubic metres
Austria,The year of 2009,96576,million cubic metres
Suriname,The year of 2013,2076,million cubic metres
Czechia,2000,54733,million cubic metres
Panama,2014,180933.1875,million cubic metres
Iceland,2005(year),153277,million cubic metres
Serbia,2011,34665,million cubic metres
Anguilla,2001,70.73000336,million cubic metres
Kazakhstan,The year of 2009,757424.625,million cubic metres
Brunei darussalam,The year of 1990,14190.44043,million cubic metres
Cabo verde,The year of 1995,1172.393066,million cubic metres
Ireland,2012,91811.10156,million cubic metres
Kuwait,The year of 2005,187.6000061,million cubic metres
Singapore,2003,2120,million cubic metres
Georgia,1998,55490,million cubic metres
Azerbaijan,2005,35252.30078,million cubic metres
Anguilla,The year of 1995,100.7300034,million cubic metres
Netherlands,2004,91360.28826,million cubic metres
Croatia,The year of 2002,70169,million cubic metres
Hungary,1998,68100,million cubic metres
Singapore,2008(year),2325.100098,million cubic metres
Gambia,The year of 2001,8709,million cubic metres
Netherlands,2011,31397.19922,million cubic metres
Serbia,The year of 1995,57020,million cubic metres
Mauritius,2004,3890,million cubic metres
Singapore,2002(year),1667,million cubic metres
Guinea,The year of 2007,1616,million cubic metres
Central african republic,The year of 2004,826091.375,million cubic metres
Brazil,The year of 2001,14996266,million cubic metres
Italy,2010(year),306883.0938,million cubic metres
Tunisia,2004,38280,million cubic metres
Armenia,2004,15287,million cubic metres
Senegal,The year of 2007,135000,million cubic metres
Portugal,2011,70534.5,million cubic metres
Maldives,2007,563.0599976,million cubic metres
Malaysia,2015(year),803071.6875,million cubic metres
Slovenia,2007,28656,million cubic metres
Latvia,2011,42132,million cubic metres
Mauritius,2006,7253.966328,million cubic metres
Slovakia,1997,37058,million cubic metres
Czechia,2004,53629,million cubic metres
Armenia,1997(year),18595,million cubic metres
Central african republic,2007,900370.125,million cubic metres
Anguilla,2004(year),84.25,million cubic metres
Barbados,The year of 1996,656.1799927,million cubic metres
Monaco,2006,1.210000038,million cubic metres
Antigua and barbuda,1996,323.2999878,million cubic metres
Venezuela (bolivarian republic of),1990(year),1630000,million cubic metres
Jordan,2002,7545,million cubic metres
Iceland,The year of 2007,183092,million cubic metres
Croatia,1995,72072,million cubic metres
Spain,1996,435200,million cubic metres
Lithuania,2011,44977,million cubic metres
Algeria,1998,66470,million cubic metres
Malaysia,2010,873518.9375,million cubic metres
Bermuda,2004,79.59999847,million cubic metres
Portugal,The year of 1999,72866,million cubic metres
Malta,1997(year),174.3999939,million cubic metres
Niger,2008,490432.6563,million cubic metres
Italy,2002,283729.4063,million cubic metres
Bahrain,1999,94.90000153,million cubic metres
Lithuania,The year of 1992,40033,million cubic metres
Israel,2001,5100,million cubic metres
Chile,The year of 2005,1231319.25,million cubic metres
Andorra,1990,471.7792969,million cubic metres
Romania,2007(year),174000,million cubic metres
Lithuania,1990(year),52877,million cubic metres
Honduras,2008,184.5601196,million cubic metres
Netherlands,1996,23830,million cubic metres
Estonia,The year of 1994,30260,million cubic metres
The former yugoslav republic of macedonia,2011,10207.41797,million cubic metres
Togo,The year of 1995,75646,million cubic metres
Paraguay,1990,738641.3125,million cubic metres
France,1994,602141.625,million cubic metres
Iceland,The year of 2009,177101,million cubic metres
The former yugoslav republic of macedonia,2003,18532,million cubic metres
Monaco,2002,1.700000048,million cubic metres
Ireland,2011,89094.70313,million cubic metres
Saint kitts and nevis,2012,173.1699982,million cubic metres
United kingdom of great britain and northern ireland,2010,231974,million cubic metres
Antigua and barbuda,1992(year),475.7999878,million cubic metres
Marshall islands,1999,124.0500031,million cubic metres
Indonesia,2008,4586259.5,million cubic metres
Israel,2008,4200,million cubic metres
Botswana,1997,270048,million cubic metres
Estonia,1999,28860,million cubic metres
Iceland,2006,182893,million cubic metres
Algeria,2000,64430,million cubic metres
Italy,2000,244648.5938,million cubic metres
Kyrgyzstan,2002,110595.1016,million cubic metres
China,The year of 2008,6200000,million cubic metres
Andorra,2000,489.5657959,million cubic metres
Antigua and barbuda,The year of 1994,283.7999878,million cubic metres
Iceland,2011,189993,million cubic metres
France,1997,463500.6875,million cubic metres
Niger,1997,427716.1563,million cubic metres
China,2005,6101000,million cubic metres
Czechia,1999(year),49291,million cubic metres
Switzerland,1990,54704,million cubic metres
Sri lanka,1997,109372,million cubic metres
Finland,2002,179000,million cubic metres
Azerbaijan,2008,38372.5,million cubic metres
Finland,2005(year),228000,million cubic metres
Togo,1997,69912,million cubic metres
Monaco,2008,2.289999962,million cubic metres
Latvia,The year of 2006,34558,million cubic metres
Antigua and barbuda,2002,268.6000061,million cubic metres
Kyrgyzstan,The year of 2001,81664.5,million cubic metres
Kazakhstan,2007,472454.6875,million cubic metres
Singapore,2007,2886.199951,million cubic metres
Indonesia,2003(year),4630801.5,million cubic metres
Romania,2010,201750,million cubic metres
Armenia,The year of 2003,18595,million cubic metres
Estonia,1990(year),35996,million cubic metres
Serbia,1990,37580,million cubic metres
Kyrgyzstan,1995,62060.69922,million cubic metres
Marshall islands,The year of 1995,131.3699951,million cubic metres
Malta,2010,162.1000061,million cubic metres
Yemen,2000,68000,million cubic metres
Finland,2004(year),278000,million cubic metres
Malta,2008,158.1999969,million cubic metres
Slovenia,2010,35827,million cubic metres
Portugal,The year of 2003,80606,million cubic metres
Finland,1995,223000,million cubic metres
Niger,The year of 1995,425573.7813,million cubic metres
Venezuela (bolivarian republic of),2000(year),1360000,million cubic metres
Azerbaijan,1995,36294.60156,million cubic metres
Croatia,2005,67593,million cubic metres
Guatemala,2004(year),259.7802734,million cubic metres
Cuba,2012,153841,million cubic metres
Kuwait,2000(year),80.80000305,million cubic metres
Slovakia,1992,33737,million cubic metres
Sweden,2003,308014,million cubic metres
Mauritius,1996,4816.070563,million cubic metres
Cyprus,The year of 1998,2483,million cubic metres
Netherlands,2007,36558.69922,million cubic metres
Azerbaijan,1999(year),37850,million cubic metres
Morocco,2010,165000,million cubic metres
Jordan,2006,6258,million cubic metres
Venezuela (bolivarian republic of),2007,1335846.125,million cubic metres
Belarus,The year of 2006,133902,million cubic metres
Bosnia and herzegovina,2009,60447.33984,million cubic metres
Cyprus,The year of 2000,3152,million cubic metres
Costa rica,2014(year),151833.0469,million cubic metres
Central african republic,2001,859846.5625,million cubic metres
Bahrain,2000,128.3000031,million cubic metres
Honduras,2010(year),195.3899994,million cubic metres
Jordan,2003(year),9708,million cubic metres
Chile,2004,1272096.625,million cubic metres
Mauritius,2008,8708.178417,million cubic metres
Andorra,2011(year),355.0338745,million cubic metres
Andorra,2004(year),359.9552612,million cubic metres
Mauritius,2001,3445,million cubic metres
Turkey,2006,492480,million cubic metres
Ecuador,1996,299554.5625,million cubic metres
Venezuela (bolivarian republic of),2001,1360000,million cubic metres
Turkey,2009(year),633671,million cubic metres
Algeria,2005(year),90000,million cubic metres
Finland,2001(year),217000,million cubic metres
Slovenia,1992(year),21503.59961,million cubic metres
Georgia,2004,85085,million cubic metres
Azerbaijan,2004,47534.69922,million cubic metres
Hungary,2010(year),92535,million cubic metres
Monaco,2011,1.419999957,million cubic metres
Marshall islands,The year of 2002,144.9299927,million cubic metres
Zimbabwe,2004,278338,million cubic metres
Poland,2009,211369.9063,million cubic metres
Ecuador,1997(year),484618,million cubic metres
Estonia,2001(year),34665,million cubic metres
Antigua and barbuda,2005(year),371,million cubic metres
Estonia,1998,33597,million cubic metres
Czechia,2002(year),71298,million cubic metres
Paraguay,2001,541071.5625,million cubic metres
Malta,2004(year),145.8000031,million cubic metres
Tunisia,The year of 2003,34200,million cubic metres
United arab emirates,2011(year),2367.699951,million cubic metres
Belarus,1999,116286,million cubic metres
Paraguay,1999,462376.5938,million cubic metres
Madagascar,2000(year),888000,million cubic metres
"China, hong kong special administrative region",2009,2396.165283,million cubic metres
Mauritius,1996,3445,million cubic metres
France,2003,427897.6875,million cubic metres
Syrian arab republic,2000,31089,million cubic metres
Poland,2005,179445.5938,million cubic metres
Indonesia,2007,4748768.5,million cubic metres
Syrian arab republic,2003,54978,million cubic metres
Jamaica,The year of 2006,18299,million cubic metres
France,2004,473653.5938,million cubic metres
Slovakia,2014,46808,million cubic metres
Luxembourg,1990,2332,million cubic metres
Cabo verde,2001(year),1047.773438,million cubic metres
The former yugoslav republic of macedonia,The year of 2000,13650,million cubic metres
Lithuania,1994,46553,million cubic metres
Saint kitts and nevis,2009(year),161.3800049,million cubic metres
Malta,2005,159.8000031,million cubic metres
Slovakia,2011(year),31790.59961,million cubic metres
Kazakhstan,The year of 2005,616548.3125,million cubic metres
Andorra,2001,427.2323914,million cubic metres
Azerbaijan,2013,39611,million cubic metres
Monaco,2007,0.680000007,million cubic metres
Madagascar,2007,888191.1875,million cubic metres
Bosnia and herzegovina,2007,54066.67188,million cubic metres
Switzerland,1993,69391.39844,million cubic metres
Maldives,1997,585,million cubic metres
Paraguay,2010,585615.4375,million cubic metres
Belarus,2008,142623,million cubic metres
Portugal,2010,79650,million cubic metres
Czechia,2013,57336,million cubic metres
Germany,1991,228000,million cubic metres
Guatemala,2005,316.2364502,million cubic metres
Iraq,2007,64801,million cubic metres
Serbia,2002(year),51910,million cubic metres
Portugal,2000,71207,million cubic metres
Singapore,2014(year),1538.400024,million cubic metres
Georgia,2007,53441,million cubic metres
Poland,2002,210525,million cubic metres
"China, hong kong special administrative region",2006,2885,million cubic metres
Zimbabwe,2003,235238,million cubic metres
Sri lanka,1998,122428,million cubic metres
Monaco,2003(year),1.00999999,million cubic metres
Cuba,2005(year),160396,million cubic metres
Bahrain,2001,39.29999924,million cubic metres
Serbia and montenegro,2003,44090,million cubic metres
Malta,The year of 2002,143.5,million cubic metres
Sudan,2005,8556,million cubic metres
Germany,2002,359000,million cubic metres
Kyrgyzstan,2009,102265.5,million cubic metres
Chile,1998,951060,million cubic metres
Serbia and montenegro,1996(year),103726.0313,million cubic metres
Spain,The year of 1994,276268,million cubic metres
Bermuda,The year of 2008,76.5,million cubic metres
Bermuda,2009,77.40000153,million cubic metres
Republic of moldova,2009(year),14348,million cubic metres
Turkey,2013,547042,million cubic metres
Bahrain,2006(year),212.1000061,million cubic metres
Cyprus,The year of 2008,1648,million cubic metres
Poland,2003,152305.2031,million cubic metres
Chile,1996,897224,million cubic metres
Spain,1995,261536,million cubic metres
Germany,2009,280000,million cubic metres
Venezuela (bolivarian republic of),2009,936000,million cubic metres
Saint kitts and nevis,2010(year),347.230011,million cubic metres
Tunisia,2010,21600,million cubic metres
Bahrain,2003,66.59999847,million cubic metres
Anguilla,2007,86.29000092,million cubic metres
"China, hong kong special administrative region",2001,3394.800049,million cubic metres
Togo,The year of 2000,62635,million cubic metres
Azerbaijan,2001,32707.90039,million cubic metres
Malaysia,2007(year),937742.8125,million cubic metres
Spain,1997,397312,million cubic metres
Republic of moldova,2003(year),15514.2002,million cubic metres
France,2005(year),401743,million cubic metres
Republic of moldova,1995,18792.80078,million cubic metres
Bermuda,The year of 2002,83.40000153,million cubic metres
Panama,2011,209856.6094,million cubic metres
Portugal,2006,66782,million cubic metres
Antigua and barbuda,2013(year),328.2000122,million cubic metres
Ecuador,2002,375106.4688,million cubic metres
Iraq,2000,92423,million cubic metres
Indonesia,2010(year),4653411.5,million cubic metres
Sweden,2000,424479,million cubic metres
Belgium,1992(year),29019.90039,million cubic metres
Malta,2013,151.5,million cubic metres
Guatemala,2006,312.9636536,million cubic metres
Antigua and barbuda,The year of 2007,293.6000061,million cubic metres
Singapore,1990,1523.800049,million cubic metres
Netherlands,1995,20387.39841,million cubic metres
Slovakia,1994(year),40098,million cubic metres
United kingdom of great britain and northern ireland,1998,321154.8125,million cubic metres
Cuba,2004,102002,million cubic metres
Denmark,2005,27000,million cubic metres
Bahrain,1995(year),225.5,million cubic metres
Turkey,2000,462740,million cubic metres
Germany,The year of 2007,333000,million cubic metres
Sri lanka,2001,96512,million cubic metres
Poland,1997,198987.9063,million cubic metres
Mauritius,2010,3927,million cubic metres
Indonesia,2005,2448876.75,million cubic metres
Cuba,2006,143146,million cubic metres
Trinidad and tobago,2003,8446.329102,million cubic metres
Rwanda,2009(year),30475.69922,million cubic metres
Estonia,2011,30371.30078,million cubic metres
Kyrgyzstan,2008(year),74675.10156,million cubic metres
Dominican republic,2003(year),69919,million cubic metres
Spain,The year of 1990,350914,million cubic metres
China,2009,5595900,million cubic metres
Serbia,1996,56915,million cubic metres
Slovakia,2006(year),36274.10156,million cubic metres
Iceland,2010,141043,million cubic metres
Benin,2007,106772,million cubic metres
Mauritius,2005,15833.48779,million cubic metres
Denmark,2001(year),32000,million cubic metres
United kingdom of great britain and northern ireland,2004(year),307430.6875,million cubic metres
Costa rica,2006,146862.7813,million cubic metres
Zimbabwe,1995,163650,million cubic metres
Egypt,2005(year),1300,million cubic metres
Netherlands,1990,40616.76107,million cubic metres
Denmark,1991,33939,million cubic metres
India,2008,3674000,million cubic metres
Sweden,1997(year),284380,million cubic metres
Netherlands,1993,150908.8679,million cubic metres
Brazil,2005,14996266,million cubic metres
Mauritius,2010,17570.88245,million cubic metres
United kingdom of great britain and northern ireland,2000,338989.5,million cubic metres
Niger,The year of 2004,399231.6875,million cubic metres
Gambia,2007,9131.851563,million cubic metres
Algeria,2008(year),100000,million cubic metres
Panama,2010,265632.9375,million cubic metres
Algeria,2011(year),100000,million cubic metres
Albania,2001,30491,million cubic metres
Republic of moldova,2000,15412.7998,million cubic metres
United arab emirates,The year of 2013,5181.700195,million cubic metres
Chile,2006,1181614,million cubic metres
"China, macao special administrative region",2000,59.7480011,million cubic metres
Sweden,2012(year),397478,million cubic metres
Serbia,1999(year),64850,million cubic metres
India,2010(year),3989000,million cubic metres
Mauritius,2003,5669.710258,million cubic metres
"China, macao special administrative region",2004,39.41600037,million cubic metres
"China, hong kong special administrative region",2003,2132,million cubic metres
Netherlands,2000,33510,million cubic metres
Belgium,The year of 2007,31476,million cubic metres
Ecuador,2006,352798.5313,million cubic metres
Paraguay,The year of 2013,527679.375,million cubic metres
Syrian arab republic,The year of 2005,50405,million cubic metres
"China, macao special administrative region",2009(year),42.13000107,million cubic metres
Slovakia,2001(year),41421,million cubic metres
Dominican republic,The year of 1995,62113.69922,million cubic metres
Saint vincent and the grenadines,2008,5647.649902,million cubic metres
Indonesia,2014(year),3994410.25,million cubic metres
Mauritius,2007,10128.17708,million cubic metres
Lebanon,The year of 1999,8600,million cubic metres
Iraq,2001,75485,million cubic metres
Kuwait,2006,114.9000015,million cubic metres
Paraguay,2003(year),608295.875,million cubic metres
Maldives,2000(year),530.3699951,million cubic metres
Sri lanka,The year of 1999,85031,million cubic metres
Switzerland,The year of 2003,55224,million cubic metres
Slovenia,2012(year),30156,million cubic metres
Turkey,2007,471248,million cubic metres
Hungary,The year of 1997,49700,million cubic metres
Netherlands,1999,95596.12867,million cubic metres
Netherlands,2012,34987,million cubic metres
United kingdom of great britain and northern ireland,1990(year),297636,million cubic metres
Turkey,The year of 1995,501301,million cubic metres
Egypt,2015,1300,million cubic metres
Niger,1999,577441,million cubic metres
Hungary,2011,39153,million cubic metres
Kuwait,2011,64.69999695,million cubic metres
Central african republic,1999(year),974570.4375,million cubic metres
Switzerland,2005,53152,million cubic metres
Netherlands,1995,29810,million cubic metres
Serbia,2007,57251.8125,million cubic metres
Maldives,2010,644.0599976,million cubic metres
Serbia and montenegro,1990,37580,million cubic metres
Belgium,1996,21763.40039,million cubic metres
Belarus,The year of 2005,134732,million cubic metres
Antigua and barbuda,1991(year),264.3999939,million cubic metres
Azerbaijan,1990(year),41998,million cubic metres
Georgia,The year of 1996,60310,million cubic metres
Guatemala,2010,399.8298035,million cubic metres
Republic of moldova,The year of 2011,13774,million cubic metres
Costa rica,The year of 2015,1477820,million cubic metres
Cyprus,1992,2998,million cubic metres
Cyprus,1994,3999,million cubic metres
Netherlands,2011,14788.40895,million cubic metres
Finland,1998,255000,million cubic metres
"China, macao special administrative region",1996,44.97999954,million cubic metres
Cyprus,1999(year),1932,million cubic metres
Venezuela (bolivarian republic of),2004,1520000,million cubic metres
Monaco,1995,1.190000057,million cubic metres
Romania,2009,156000,million cubic metres
China,2015,6256900,million cubic metres
Honduras,2015,146.3500061,million cubic metres
Saint kitts and nevis,The year of 1990,252.1799927,million cubic metres
Morocco,2007,139000,million cubic metres
Sri lanka,2000,93822,million cubic metres
Lebanon,2009(year),8600,million cubic metres
Sweden,1993,312275,million cubic metres
Malta,2000,142.8000031,million cubic metres
Belgium,1998,32805.30078,million cubic metres
Algeria,2010,100000,million cubic metres
Guatemala,2012,276.9625854,million cubic metres
Mauritius,2007,3683,million cubic metres
Italy,2006,201418.0938,million cubic metres
Belgium,2013,23480.30078,million cubic metres
Bosnia and herzegovina,2002(year),56493.98828,million cubic metres
Singapore,1996(year),1678,million cubic metres
Panama,2000,215128.3125,million cubic metres
Israel,2006,5300,million cubic metres
Finland,2006,201683,million cubic metres
Brazil,The year of 2008,14996266,million cubic metres
Paraguay,2006(year),566126.5,million cubic metres
Germany,1994(year),316000,million cubic metres
Costa rica,2008,183358.9844,million cubic metres
Cuba,1999,151182,million cubic metres
Costa rica,2007,170875.0781,million cubic metres
Belarus,2000,135978,million cubic metres
Romania,2004,167000,million cubic metres
Gambia,The year of 2003,9310,million cubic metres
Romania,1995,147000,million cubic metres
Brunei darussalam,1995(year),17211.14063,million cubic metres
Poland,2004,194141.4063,million cubic metres
Syrian arab republic,1999,40300,million cubic metres
Andorra,2015,474.7380066,million cubic metres
Denmark,The year of 1995,33939,million cubic metres
